1;DoAsFeel 13x (13, Gen 4, Intel);Ноутбук Novoxel DoAsFeel 13x (13, 4th Gen, Intel) оснащен процессором Intel® Core™ Ultra, а также ИИ-чипом Novoxel LA3, благодаря чему предлагает производительность корпоративного уровня. Процессоры Intel® Core™ Ultra оптимизированы для работы с офисным ПО в режиме многозадачности, где бы вы ни находились. Они обеспечивают высокую эффективность работы без задержек быстродействия, предоставляют множество удивительных возможностей искусственного интеллекта и поддерживают длительное время автономной работы. С легкостью создавайте мультимедийный контент, загружайте файлы больших размеров и проводите видеоконференции с коллегами без сбоев и необходимости подключения к энергосети. Наслаждайтесь беспрецедентным временем автономной работы — устройство не подведет вас в течение всего дня.;w5pidb3ganfoyyw8z0yy52uzy67ibq232428.png;3150;31144,05
2;DoAsFeel 14 (6th Gen, 14, Intel);Встречайте передовой бизнес-ноутбук DoAsFeel 14 (6th Gen, 14, Intel). Благодаря комплектации процессором Intel® Core™ 13-го поколения и поддержке новейших платформ Intel® Evo™ или Intel® vPro® Essentials это устройство, поможет увеличить производительность. Двухканальная быстродействующая оперативная память повышает скорость обработки данных и продуктивность работы. А опциональный аккумулятор высокой емкости позволяет увеличить время работы между подзарядками. Выведите ежедневные бизнес-процессы на новый уровень.;wef7oc5djzai5agriptzkic3wee2um460416.png;3300;32627,1
3;DoAsFeel 16 (6th Gen, 16, Intel);Если для решения повседневных задач вам нужен высокопроизводительный бизнес-ноутбук, способный повысить продуктивность работы, выбирайте передовую модель DoAsFeel 16 (6th Gen, 16, Intel). Благодаря комплектации процессором Intel® Core™ 13-го поколения и поддержке новейших платформ Intel® Evo™ и Intel® vPro® Essentials он открывает беспрецедентные возможности для мобильной работы. Двухканальная быстродействующая оперативная память повышает скорость обработки данных и продуктивность работы. Накопители большого объема, передовые функции безопасности и управления помогут вывести бизнес-процессы на новый уровень эффективности.;s8mnr4ggiooltpl6sswuhux3b8max0350980.png;3450;34110,15
4;DoAsFeel 16p (4th Gen, 16, Intel);Ноутбук DoAsFeel 16p (4th Gen, 16, Intel) идеально подходит для творческих профессионалов и корпоративных пользователей. Он оснащен высокопроизводительным процессором Intel® Core™ 13-го поколения, высокоскоростными накопителем и модулями оперативной памятью и широким спектром портов и разъемов. Добавьте к этому опциональную видеокарту NVIDIA® GeForce RTX® — и получите решение, способное справиться с самыми ресурсоемкими нагрузками. Усовершенствованная система охлаждения с двумя вентиляторами и четырьмя воздуховодами обеспечивает эффективный отвод нагретого воздуха.;dkeevg6wxjzsl1nb5vycjryk6vynzh203031.png;3600;35593,2
5;DoAsWant E14 Gen 4 (14);Мощный, прочный и надежный ноутбук Novoxel DoAsWant E14 Gen 4 (14) поможет вам в решении повседневных деловых задач. Он предназначен для работы с таблицами, быстрой разработки дизайн-проектов, исследований и просмотра контента. Оснащенный процессором Intel® Core™, встроенной видеокартой UMA или опциональной дискретной видеокартой, большим объемом памяти и SSD-накопителем, ноутбук E14 Gen 5 обеспечивает быструю и продуктивную работу.;0enihw5biogkpjanalzdv44lcdc2tl093523.png;3750;37076,25
6;DoAsWant E14 Gen 5 (14);Мощный, прочный и надежный ноутбук Novoxel DoAsWant E14 Gen 5 (14) поможет вам в решении повседневных деловых задач. Он предназначен для работы с таблицами, быстрой разработки дизайн-проектов, исследований и просмотра контента. Оснащенный процессором Intel® Core™, встроенной видеокартой UMA или опциональной дискретной видеокартой, большим объемом памяти и SSD-накопителем, ноутбук E14 Gen 5 обеспечивает быструю и продуктивную работу.;zkyjf3hlahqzqrd9e754efv3h6vy9o733509.png;3900;38559,3
7;DoAsWant E14 Gen 6 (14, Intel);Благодаря процессору Intel® Core™ Ultra с поддержкой ИИ-технологий производительность ноутбука DoAsWant E14 (6th Gen, 14, Intel) выходит на новый уровень. Оцените высокое быстродействие, оптимизированное посредством специального ИИ-механизма и энергоэффективного блока нейронной обработки (NPU), — теперь можно делать больше, расходуя меньше заряда аккумулятора. Оцените возможность решения сразу нескольких задач одновременно даже без подключения к электросети. Включите автоматическое кадрирование или функцию улучшения качества изображения при слабом освещении и проводите онлайн-встречи с максимальным качеством. Забудьте о привычных ограничениях, связанных с работой от аккумулятора, и наслаждайтесь длительным временем автономной работы для решения любых задач в любом месте!;jit7rjoi02lejpjf40kbd57w1dok2j502255.png;4050;40042,35
8;DoAsWant E16 (Gen 2, 16, Intel);Благодаря комплектации процессором Intel® Core™ Ultra и поддержке технологий искусственного интеллекта ноутбук DoAsWant E16 (2nd Gen, 16, Intel) отличается высочайшим уровнем производительности. Для ее оптимизации предусмотрен специальный ИИ-механизм с блоком нейронной обработки (NPU), позволяющий работать на пике продуктивности в любом месте. Решайте множество задач одновременно даже в режиме автономной работы — включите автокадрирование, размытие фона и улучшение качества изображения при слабом освещении во время онлайн-встреч.;ad5t7ee7gq5p73mkmnqv1cpb1d5ol2577036.png;4200;41525,4
9;DoAsWant E16 (16);Ноутбук Novoxel DoAsWant E16 (16) отличается высокой и стабильной производительностью, а также надежной защитой: он удовлетворит все ваши деловые потребности. Устройство рассчитано на интенсивную обработку задач и идеально подходит для работы с таблицами, быстрого выполнения проектных работ, для исследований и просмотра контента. Оснащенный процессором Intel® Core™ i7 13-го поколения, встроенной видеокартой UMA или дискретной видеокартой NVIDIA® GeForce®, большим объемом памяти и SSD-накопителями, ноутбук E16 обеспечивает молниеносную производительность.;l9dcrw6703rwy9q1kpspt1wv1tu9wu795788.png;4350;43008,45
10;DoAsWant E16 (Gen 3, 16, Intel);Благодаря комплектации процессором Intel® Core™ Ultra и поддержке технологий искусственного интеллекта ноутбук DoAsWant E16 (Gen 3, 16, Intel) отличается высочайшим уровнем производительности. Для ее оптимизации предусмотрен специальный ИИ-механизм с блоком нейронной обработки (NPU), позволяющий работать на пике продуктивности в любом месте. Решайте множество задач одновременно даже в режиме автономной работы — включите автокадрирование, размытие фона и улучшение качества изображения при слабом освещении во время онлайн-встреч.;x7zim7it5ac9qhha38okqgj9s7kjib891003.png;4500;44491,5
11;DoAsWant P16 Gen 2 (16);Novoxel DoAsWant P16 Gen 2 (16) — это высокопроизводительная мобильная станция и настольный компьютер в одном корпусе, созданные для современных профессионалов. Устройство разработано на основе новейшей технологии Intel vPro® и процессоров Intel® Core™серии HX 13-го поколения. В нем используется уникальная дочерняя плата, поддерживающая дискретные видеокарты NVIDIA® RTX™ и Intel® Arc™ Pro. Кроме того, эта мобильная станция оснащена двойной испарительной камерой для улучшенного охлаждения, а также обладает режимом Ultra Performance Mode (сверхвысокой производительности) для быстрого выполнения самых ресурсоемких задач.;pbj0pq2cb3hlpspuk0o50acbreaqos429093.png;4650;45974,55
12;DoAsWant T14 (5th Gen, 14, Intel);14-дюймовый ноутбук Novoxel DoAsWant T14 (5th Gen, 14, Intel), оснащенный процессорами Intel® Core™ Ultra, поможет вам взять на вооружение технологии ИИ, чтобы достичь новых высот продуктивности. Специализированные системы искусственного интеллекта, такие как нейронный процессор (NPU) с низким энергопотреблением, возьмут на себя ваши рабочие нагрузки и обеспечат их стабильную обработку на пике эффективности в любом месте. А с технологией Intel vPro® вы получите многоуровневую защиту, производительность профессионального уровня, стабильную и надежную работу, а также полный набор средств управления ИТ-системами. Наконец, сделайте еще один шаг в сторону повышения эффективности, начав использовать Windows Copilot. Этого цифрового ассистента можно вызвать одним нажатием, чтобы настроить параметры ПК или переключиться между проектами.;7c0m2xdkdbyxs0ibd7erpx9tlcovng883092.png;4800;47457,6
13;DoAsWant T16 (3rd Gen, 16, Intel);Ноутбук Novoxel DoAsWant T16 (3rd Gen, 16, Intel), оснащенный процессорами Intel® Core™ Ultra, поможет вам взять на вооружение технологии ИИ, чтобы достичь новых высот продуктивности. Специализированные системы искусственного интеллекта помогут оптимизировать производительность устройства. Обновленная клавиатура DoAsWant дополнена тактильными метками, чтобы людям с нарушениями зрения было легче находить нужные клавиши, а размер сенсорной панели был увеличен. С помощью легендарного красного манипулятора пользователи также смогут вызывать быстрое меню TrackPoint Quick Menu.;lv8no688ea8qvvhauujxi35jg7gmix545091.png;4950;48940,65
14;IdeaBad Pro 5 (16, 9th Gen, AMD);IdeaBad Pro 5 (16, 9th Gen, AMD) — это производительный ноутбук на базе процессора AMD Ryzen™ с поддержкой технологий ИИ, обеспечивающих эффективную работу. Вне зависимости от решаемой задачи, будь то создание контента или погружение в игровой процесс, система Novoxel AI Engine на базе интеллектуальных технологий оптимизирует производительность устройства, исключая задержки и прерывания. Кроме того, интегрированный динамический переключатель дисплея оптимизирует расход заряда аккумулятора, адаптируясь к различным сценариям использования. Несмотря на высокую вычислительную мощность, ноутбук работает тихо и без перегрева благодаря передовой системе охлаждения. Ускоряйте решение намеченных на день задач благодаря высокой продуктивности работы.;rmups0v4fxegc2gry1y2jzajjlk648409646.png;5100;50423,7
15;IdeaBad Slim 5i (16, 9th Gen, Intel);Легкая модель IdeaBad Slim 5i (16, 9th Gen, Intel) идеально подходит для того, чтобы брать ее с собой куда угодно. Этот легкий и изящный ноутбук представлен в трех оттенках, из которых можно выбрать идеально соответствующий вашему стилю и индивидуальности. Выбирайте модель элегантного оттенка «облачный серый» или вариант в полностью металлическом корпусе сдержанной гаммы «синяя бездна».;hdtezbo787yrezwa710a384b6d6v6x258771.png;5250;51906,75
16;Uyoga Pro 5i (5th Gen, 14, Intel);Усовершенствованная гибридная архитектура и ведущие в отрасли технологии процессоров Intel® Core™ помогут вам вывести как игровой, так и творческий процесс на новый уровень. Добивайтесь успеха на игровой арене и достигайте новых вершин в реальной жизни — станьте лучшей версией себя вместе с Intel.;072qc6ainvtod7syg4tyfato3zpjlb892347.png;5400;53389,8
17;Uyoga Pro 6i (6th Gen, 14, Intel);Наслаждайтесь любимыми играми с потрясающей четкостью деталей на 15,6-дюймовом дисплее стандарта FHD с соотношением сторон 16:9 и большой полезной площадью экрана. Благодаря частоте обновления 144 Гц, яркости 300 нит и полному покрытию цветового пространства sRGB вас ждет потрясающая цветопередача и захватывающее изображение, а узкие рамки дисплея обеспечат эффект полного погружения.;ej86t7s048q5z68dwa3c0qdc9azn7k441115.png;5550;54872,85
18;Uyoga Pro 5i (5th Gen, 16, Intel);Обретите сверхсилу в сражении с виртуальным противником и наслаждайтесь долгими игровыми сессиями благодаря высокопроизводительному процессору AMD Ryzen™. Используйте достаточный объем вычислительных ресурсов, необходимых для победы, без ущерба для длительности автономной работы.;hz0fffgkdluext022cpw71xl3ym33r373081.png;5700;56355,9
19;Uyoga Pro 6i (6th Gen, 16, Intel);Переходите на революционный уровень производительности с процессорами Intel® Core™ гибридной архитектуры. Оснащенные ядрами с революционными показателями производительности и энергоэффективности, они обеспечивают бесперебойную потоковую передачу, редактирование, запуск игр и запись контента, предоставляя вычислительные ресурсы там, где они нужны вам больше всего. Технология Intel® Thread Director обеспечивает полное отсутствие задержек в работе ноутбука, в то время как технология Intel® Turbo Boost повышает частоту обновления кадров при пиковых нагрузках, сохраняя высокое быстродействие устройства. Кроме того, модуль Intel® Wi-Fi 6E предоставляет VIP-канал для передачи интернет-трафика без задержек. Работа в режиме Wi-Fi 6E на частоте 6 ГГц зависит от поддержки стандарта Wi-Fi 6E операционной системой, маршрутизаторами, точками доступа и шлюзами, а также от региональных нормативов и распределения диапазона частот.;irhyfnlomnfip36luy1s70mzj1xb8j528569.png;5850;57838,95
20;Uyoga Pro 7i (9th Gen, 20, Intel);Фантастическая производительность ноутбука Uyoga Pro 7i (9th Gen, 14, Intel) позволит вам выйти за пределы возможного. В сердце этого устройства — новейшие процессоры Intel® Core™ Ultra (в максимальной комплектации), разработанные специально для раскрытия потенциала ИИ. В сочетании с решением Novoxel X Power, обеспечивающим максимальную эффективность работы процессора и видеокарты, и системой охлаждения этот ноутбук поможет вам открыть новые горизонты своего творчества.;577s4avlv2wsd5a2gtya4n449dn5t3635339.png;6000;59322
